-- phpMyAdmin SQL Dump
-- version 5.0.1
-- https://www.phpmyadmin.net/
--
-- Host: localhost
-- Generation Time: Aug 18, 2020 at 06:52 AM
-- Server version: 5.7.31-0ubuntu0.18.04.1
-- PHP Version: 7.2.24-0ubuntu0.18.04.6

SET SQL_MODE = "NO_AUTO_VALUE_ON_ZERO";
SET AUTOCOMMIT = 0;
START TRANSACTION;
SET time_zone = "+00:00";


/*!40101 SET @OLD_CHARACTER_SET_CLIENT=@@CHARACTER_SET_CLIENT */;
/*!40101 SET @OLD_CHARACTER_SET_RESULTS=@@CHARACTER_SET_RESULTS */;
/*!40101 SET @OLD_COLLATION_CONNECTION=@@COLLATION_CONNECTION */;
/*!40101 SET NAMES utf8mb4 */;

--
-- Database: `lecture-examples`
--

-- --------------------------------------------------------

--
-- Table structure for table `Department`
--

CREATE TABLE `Department` (
  `dName` char(64) DEFAULT NULL,
  `dNumber` int(11) NOT NULL,
  `mgrSSN` char(64) DEFAULT NULL,
  `mgrStartDate` date DEFAULT NULL
) ;

--
-- Dumping data for table `Department`
--

INSERT INTO `Department` (`dName`, `dNumber`, `mgrSSN`, `mgrStartDate`) VALUES
('Headquarters', 1, '888665555', '1981-06-19'),
('Administration', 4, '987654321', '1995-01-01'),
('Super Secret Special Devision', 99, NULL, '2022-01-01'),
('Research', 5, '333445555', '1988-05-22');

-- --------------------------------------------------------

--
-- Table structure for table `Employee`
--

CREATE TABLE `Employee` (
  `ssn` char(9) NOT NULL,
  `name` char(64) DEFAULT NULL,
  `dob` date DEFAULT NULL,
  `address` char(64) DEFAULT NULL,
  `sex` char(1) DEFAULT NULL,
  `salary` decimal(10,2) DEFAULT NULL,
  `dNum` int(11) DEFAULT NULL,
  `mgrSSN` char(9) DEFAULT NULL
) ;

--
-- Dumping data for table `Employee`
--

INSERT INTO `Employee` (`ssn`, `name`, `dob`, `address`, `sex`, `salary`, `dNum`, `mgrSSN`) VALUES
('123456789', 'John', '1965-01-09', '731 Fondren, Houston TX', 'M', '30000.00', 5, '333445555'),
('333445555', 'Franklin', '1955-12-08', '638 Voss, Houston TX', 'M', '40000.00', 5, '888665555'),
('453453453', 'Joyce', '1972-07-31', '5631 Rice, Houston TX', 'F', '25000.00', 5, '333445555'),
('666884444', 'Ramesh', '1962-09-15', '975 Fire Oak, Humble TX', 'M', '38000.00', 5, '333445555'),
('888665555', 'James', '1937-11-10', '450 Stone, Houston TX', 'M', '55000.00', 1, NULL),
('987654321', 'Jennifer', '1941-06-20', '291 Berry, Bellaire TX', 'F', '43000.00', 4, '888665555'),
('987987987', 'Ahmad', '1969-03-29', '980 Dallas, Houston TX', 'M', '25000.00', 4, '987654321'),
('999887777', 'Alicia', '1968-01-19', '3321 Castle, Spring TX', 'F', '25000.00', 4, '987654321');

-- --------------------------------------------------------

--
-- Table structure for table `Movie`
--

CREATE TABLE `Movie` (
  `movieID` int(11) NOT NULL,
  `title` char(50) DEFAULT NULL,
  `year` int(11) DEFAULT NULL
) ;

--
-- Dumping data for table `Movie`
--

INSERT INTO `Movie` (`movieID`, `title`, `year`) VALUES
(0, 'The Last Command', 1927),
(1, '7th Heaven', 1927),
(2, 'In Old Arizona', 1928),
(3, 'Coquette', 1928),
(4, 'Disraeli', 1929),
(5, 'The Divorcee', 1929),
(6, 'A Free Soul', 1930),
(7, 'Min and Bill', 1930),
(8, 'The Champ', 1931),
(9, 'The Sin of Madelon Claudet', 1931),
(10, 'The Private Life of Henry VIII', 1932),
(11, 'Morning Glory', 1932),
(12, 'It Happened One Night', 1934),
(13, 'The Informer', 1935),
(14, 'Dangerous', 1935),
(15, 'The Story of Louis Pasteur', 1936),
(16, 'Come and Get It', 1936),
(17, 'The Great Ziegfeld', 1936),
(18, 'Anthony Adverse', 1936),
(19, 'Captains Courageous', 1937),
(20, 'The Life of Emile Zola', 1937),
(21, 'The Good Earth', 1937),
(22, 'In Old Chicago', 1937),
(23, 'Boys Town', 1938),
(24, 'Kentucky', 1938),
(25, 'Jezebel', 1938),
(26, 'Goodbye, Mr. Chips', 1939),
(27, 'Stagecoach', 1939),
(28, 'Gone with the Wind', 1939),
(29, 'The Philadelphia Story', 1940),
(30, 'The Westerner', 1940),
(31, 'Kitty Foyle', 1940),
(32, 'The Grapes of Wrath', 1940),
(33, 'Sergeant York', 1941),
(34, 'How Green Was My Valley', 1941),
(35, 'Suspicion', 1941),
(36, 'The Great Lie', 1941),
(37, 'Yankee Doodle Dandy', 1942),
(38, 'Johnny Eager', 1942),
(39, 'Mrs. Miniver', 1942),
(40, 'Watch on the Rhine', 1943),
(41, 'The More the Merrier', 1943),
(42, 'The Song of Bernadette', 1943),
(43, 'For Whom the Bell Tolls', 1943),
(44, 'Going My Way', 1944),
(45, 'Gaslight', 1944),
(46, 'None but the Lonely Heart', 1944),
(47, 'The Lost Weekend', 1945),
(48, 'A Tree Grows in Brooklyn', 1945),
(49, 'Mildred Pierce', 1945),
(50, 'National Velvet', 1945),
(51, 'The Best Years of Our Lives', 1946),
(52, 'To Each His Own', 1946),
(53, 'The Razor\'s Edge', 1946),
(54, 'A Double Life', 1947),
(55, 'Miracle on 34th Street', 1947),
(56, 'The Farmer\'s Daughter', 1947),
(57, 'Gentleman\'s Agreement', 1947),
(58, 'Hamlet', 1948),
(59, 'The Treasure of the Sierra Madre', 1948),
(60, 'Johnny Belinda', 1948),
(61, 'Key Largo', 1948),
(62, 'All the King\'s Men', 1949),
(63, 'Twelve O\'Clock High', 1949),
(64, 'The Heiress', 1949),
(65, 'Cyrano de Bergerac', 1950),
(66, 'All about Eve', 1950),
(67, 'Born Yesterday', 1950),
(68, 'Harvey', 1950),
(69, 'The African Queen', 1951),
(70, 'A Streetcar Named Desire', 1951),
(71, 'High Noon', 1952),
(72, 'Viva Zapata!', 1952),
(73, 'Come Back, Little Sheba', 1952),
(74, 'The Bad and the Beautiful', 1952),
(75, 'Stalag 17', 1953),
(76, 'From Here to Eternity', 1953),
(77, 'Roman Holiday', 1953),
(78, 'On the Waterfront', 1954),
(79, 'The Barefoot Contessa', 1954),
(80, 'The Country Girl', 1954),
(81, 'Marty', 1955),
(82, 'Mister Roberts', 1955),
(83, 'The Rose Tattoo', 1955),
(84, 'East of Eden', 1955),
(85, 'The King and I', 1956),
(86, 'Lust for Life', 1956),
(87, 'Anastasia', 1956),
(88, 'Written on the Wind', 1956),
(89, 'The Bridge on the River Kwai', 1957),
(90, 'Sayonara', 1957),
(91, 'The Three Faces of Eve', 1957),
(92, 'Separate Tables', 1958),
(93, 'The Big Country', 1958),
(94, 'I Want to Live!', 1958),
(95, 'Ben-Hur', 1959),
(96, 'Room at the Top', 1959),
(97, 'The Diary of Anne Frank', 1959),
(98, 'Elmer Gantry', 1960),
(99, 'Spartacus', 1960),
(100, 'Butterfield 8', 1960),
(101, 'Judgment at Nuremberg', 1961),
(102, 'West Side Story', 1961),
(103, 'Two Women', 1961),
(104, 'To Kill a Mockingbird', 1962),
(105, 'Sweet Bird of Youth', 1962),
(106, 'The Miracle Worker', 1962),
(107, 'Lilies of the Field', 1963),
(108, 'Hud', 1963),
(109, 'The V.I.P.s', 1963),
(110, 'My Fair Lady', 1964),
(111, 'Topkapi', 1964),
(112, 'Mary Poppins', 1964),
(113, 'Zorba the Greek', 1964),
(114, 'Cat Ballou', 1965),
(115, 'A Thousand Clowns', 1965),
(116, 'Darling', 1965),
(117, 'A Patch of Blue', 1965),
(118, 'A Man for All Seasons', 1966),
(119, 'The Fortune Cookie', 1966),
(120, 'Who\'s Afraid of Virginia Woolf?', 1966),
(121, 'In the Heat of the Night', 1967),
(122, 'Cool Hand Luke', 1967),
(123, 'Guess Who\'s Coming to Dinner', 1967),
(124, 'Bonnie and Clyde', 1967),
(125, 'Charly', 1968),
(126, 'The Subject Was Roses', 1968),
(127, 'The Lion in Winter', 1968),
(128, 'Rosemary\'s Baby', 1968),
(129, 'True Grit', 1969),
(130, 'They Shoot Horses, Don\'t They?', 1969),
(131, 'The Prime of Miss Jean Brodie', 1969),
(132, 'Cactus Flower', 1969),
(133, 'Patton', 1970),
(134, 'Ryan\'s Daughter', 1970),
(135, 'Women in Love', 1970),
(136, 'Airport', 1970),
(137, 'The French Connection', 1971),
(138, 'The Last Picture Show', 1971),
(139, 'Klute', 1971),
(140, 'The Godfather', 1972),
(141, 'Cabaret', 1972),
(142, 'Butterflies Are Free', 1972),
(143, 'Save the Tiger', 1973),
(144, 'The Paper Chase', 1973),
(145, 'A Touch of Class', 1973),
(146, 'Paper Moon', 1973),
(147, 'Harry and Tonto', 1974),
(148, 'The Godfather Part II', 1974),
(149, 'Alice Doesn\'t Live Here Anymore', 1974),
(150, 'Murder on the Orient Express', 1974),
(151, 'One Flew over the Cuckoo\'s Nest', 1975),
(152, 'The Sunshine Boys', 1975),
(153, 'Shampoo', 1975),
(154, 'Network', 1976),
(155, 'All the President\'s Men', 1976),
(156, 'The Goodbye Girl', 1977),
(157, 'Julia', 1977),
(158, 'Annie Hall', 1977),
(159, 'Coming Home', 1978),
(160, 'The Deer Hunter', 1978),
(161, 'California Suite', 1978),
(162, 'Kramer vs. Kramer', 1979),
(163, 'Being There', 1979),
(164, 'Norma Rae', 1979),
(165, 'Raging Bull', 1980),
(166, 'Ordinary People', 1980),
(167, 'Coal Miner\'s Daughter', 1980),
(168, 'Melvin and Howard', 1980),
(169, 'On Golden Pond', 1981),
(170, 'Arthur', 1981),
(171, 'Reds', 1981),
(172, 'Gandhi', 1982),
(173, 'An Officer and a Gentleman', 1982),
(174, 'Sophie\'s Choice', 1982),
(175, 'Tootsie', 1982),
(176, 'Tender Mercies', 1983),
(177, 'Terms of Endearment', 1983),
(178, 'The Year of Living Dangerously', 1983),
(179, 'Amadeus', 1984),
(180, 'The Killing Fields', 1984),
(181, 'Places in the Heart', 1984),
(182, 'A Passage to India', 1984),
(183, 'Kiss of the Spider Woman', 1985),
(184, 'Cocoon', 1985),
(185, 'The Trip to Bountiful', 1985),
(186, 'Prizzi\'s Honor', 1985),
(187, 'The Color of Money', 1986),
(188, 'Hannah and Her Sisters', 1986),
(189, 'Children of a Lesser God', 1986),
(190, 'Wall Street', 1987),
(191, 'The Untouchables', 1987),
(192, 'Moonstruck', 1987),
(193, 'Rain Man', 1988),
(194, 'A Fish Called Wanda', 1988),
(195, 'The Accused', 1988),
(196, 'The Accidental Tourist', 1988),
(197, 'My Left Foot', 1989),
(198, 'Glory', 1989),
(199, 'Driving Miss Daisy', 1989),
(200, 'Reversal of Fortune', 1990),
(201, 'Good Fellas', 1990),
(202, 'Misery', 1990),
(203, 'Ghost', 1990),
(204, 'The Silence of the Lambs', 1991),
(205, 'City Slickers', 1991),
(206, 'The Fisher King', 1991),
(207, 'Scent of a Woman', 1992),
(208, 'Unforgiven', 1992),
(209, 'Howards End', 1992),
(210, 'My Cousin Vinny', 1992),
(211, 'Philadelphia', 1993),
(212, 'The Fugitive', 1993),
(213, 'The Piano', 1993),
(214, 'Forrest Gump', 1994),
(215, 'Ed Wood', 1994),
(216, 'Blue Sky', 1994),
(217, 'Bullets over Broadway', 1994),
(218, 'Leaving Las Vegas', 1995),
(219, 'The Usual Suspects', 1995),
(220, 'Dead Man Walking', 1995),
(221, 'Mighty Aphrodite', 1995),
(222, 'Shine', 1996),
(223, 'Jerry Maguire', 1996),
(224, 'Fargo', 1996),
(225, 'The English Patient', 1996),
(226, 'As Good as It Gets', 1997),
(227, 'Good Will Hunting', 1997),
(228, 'L.A. Confidential', 1997),
(229, 'Life Is Beautiful', 1998),
(230, 'Affliction', 1998),
(231, 'Shakespeare in Love', 1998),
(232, 'American Beauty', 1999),
(233, 'The Cider House Rules', 1999),
(234, 'Boys Don\'t Cry', 1999),
(235, 'Girl, Interrupted', 1999),
(236, 'Gladiator', 2000),
(237, 'Traffic', 2000),
(238, 'Erin Brockovich', 2000),
(239, 'Pollock', 2000),
(240, 'Training Day', 2001),
(241, 'Iris', 2001),
(242, 'Monster\'s Ball', 2001),
(243, 'A Beautiful Mind', 2001),
(244, 'The Pianist', 2002),
(245, 'Adaptation', 2002),
(246, 'The Hours', 2002),
(247, 'Chicago', 2002),
(248, 'Mystic River', 2003),
(249, 'Monster', 2003),
(250, 'Cold Mountain', 2003),
(251, 'Ray', 2004),
(252, 'Million Dollar Baby', 2004),
(253, 'The Aviator', 2004),
(254, 'Capote', 2005),
(255, 'Syriana', 2005),
(256, 'Walk the Line', 2005),
(257, 'The Constant Gardener', 2005),
(258, 'The Last King of Scotland', 2006),
(259, 'Little Miss Sunshine', 2006),
(260, 'The Queen', 2006),
(261, 'Dreamgirls', 2006),
(262, 'There Will Be Blood', 2007),
(263, 'No Country for Old Men', 2007),
(264, 'La Vie en Rose', 2007),
(265, 'Michael Clayton', 2007),
(266, 'Milk', 2008),
(267, 'The Dark Knight', 2008),
(268, 'The Reader', 2008),
(269, 'Vicky Cristina Barcelona', 2008),
(270, 'Crazy Heart', 2009),
(271, 'Inglourious Basterds', 2009),
(272, 'The Blind Side', 2009),
(273, 'Precious: Based on the Novel \'Push\' by Sapphire', 2009),
(274, 'The King\'s Speech', 2010),
(275, 'The Fighter', 2010),
(276, 'Black Swan', 2010);

-- --------------------------------------------------------

--
-- Table structure for table `MovieStar`
--

CREATE TABLE `MovieStar` (
  `starID` int(11) NOT NULL,
  `name` char(30) DEFAULT NULL,
  `gender` char(10) DEFAULT NULL
) ;

--
-- Dumping data for table `MovieStar`
--

INSERT INTO `MovieStar` (`starID`, `name`, `gender`) VALUES
(1000, 'Emil Jannings', 'male'),
(1001, 'Janet Gaynor', 'female'),
(1002, 'Warner Baxter', 'male'),
(1003, 'Mary Pickford', 'female'),
(1004, 'George Arliss', 'male'),
(1005, 'Norma Shearer', 'female'),
(1006, 'Lionel Barrymore', 'male'),
(1007, 'Marie Dressler', 'female'),
(1008, 'Wallace Beery', 'male'),
(1009, 'Helen Hayes', 'female'),
(1010, 'Charles Laughton', 'male'),
(1011, 'Katharine Hepburn', 'female'),
(1012, 'Clark Gable', 'male'),
(1013, 'Claudette Colbert', 'female'),
(1014, 'Victor McLaglen', 'male'),
(1015, 'Bette Davis', 'female'),
(1016, 'Paul Muni', 'male'),
(1017, 'Walter Brennan', 'male'),
(1018, 'Luise Rainer', 'female'),
(1019, 'Gale Sondergaard', 'female'),
(1020, 'Spencer Tracy', 'male'),
(1021, 'Joseph Schildkraut', 'male'),
(1022, 'Alice Brady', 'female'),
(1023, 'Fay Bainter', 'female'),
(1024, 'Robert Donat', 'male'),
(1025, 'Thomas Mitchell', 'male'),
(1026, 'Vivien Leigh', 'female'),
(1027, 'Hattie McDaniel', 'female'),
(1028, 'James Stewart', 'male'),
(1029, 'Ginger Rogers', 'female'),
(1030, 'Jane Darwell', 'female'),
(1031, 'Gary Cooper', 'male'),
(1032, 'Donald Crisp', 'male'),
(1033, 'Joan Fontaine', 'female'),
(1034, 'Mary Astor', 'female'),
(1035, 'James Cagney', 'male'),
(1036, 'Van Heflin', 'male'),
(1037, 'Greer Garson', 'female'),
(1038, 'Teresa Wright', 'female'),
(1039, 'Paul Lukas', 'male'),
(1040, 'Charles Coburn', 'male'),
(1041, 'Jennifer Jones', 'female'),
(1042, 'Katina Paxinou', 'female'),
(1043, 'Bing Crosby', 'male'),
(1044, 'Barry Fitzgerald', 'male'),
(1045, 'Ingrid Bergman', 'female'),
(1046, 'Ethel Barrymore', 'female'),
(1047, 'Ray Milland', 'male'),
(1048, 'James Dunn', 'male'),
(1049, 'Joan Crawford', 'female'),
(1050, 'Anne Revere', 'female'),
(1051, 'Fredric March', 'male'),
(1052, 'Harold Russell', 'male'),
(1053, 'Olivia de Havilland', 'female'),
(1054, 'Anne Baxter', 'female'),
(1055, 'Ronald Colman', 'male'),
(1056, 'Edmund Gwenn', 'male'),
(1057, 'Loretta Young', 'female'),
(1058, 'Celeste Holm', 'female'),
(1059, 'Laurence Olivier', 'male'),
(1060, 'Walter Huston', 'male'),
(1061, 'Jane Wyman', 'female'),
(1062, 'Claire Trevor', 'female'),
(1063, 'Broderick Crawford', 'male'),
(1064, 'Dean Jagger', 'male'),
(1065, 'Mercedes McCambridge', 'female'),
(1066, 'JoseFerrer', 'male'),
(1067, 'George Sanders', 'male'),
(1068, 'Judy Holliday', 'female'),
(1069, 'Josephine Hull', 'female'),
(1070, 'Humphrey Bogart', 'male'),
(1071, 'Karl Malden', 'male'),
(1072, 'Kim Hunter', 'female'),
(1073, 'Anthony Quinn', 'male'),
(1074, 'Shirley Booth', 'female'),
(1075, 'Gloria Grahame', 'female'),
(1076, 'William Holden', 'male'),
(1077, 'Frank Sinatra', 'male'),
(1078, 'Audrey Hepburn', 'female'),
(1079, 'Donna Reed', 'female'),
(1080, 'Marlon Brando', 'male'),
(1081, 'Edmond O\'Brien', 'male'),
(1082, 'Grace Kelly', 'female'),
(1083, 'Eva Marie Saint', 'female'),
(1084, 'Ernest Borgnine', 'male'),
(1085, 'Jack Lemmon', 'male'),
(1086, 'Anna Magnani', 'female'),
(1087, 'Jo Van Fleet', 'female'),
(1088, 'Yul Brynner', 'male'),
(1089, 'Dorothy Malone', 'female'),
(1090, 'Alec Guinness', 'male'),
(1091, 'Red Buttons', 'male'),
(1092, 'Joanne Woodward', 'female'),
(1093, 'Miyoshi Umeki', 'female'),
(1094, 'David Niven', 'male'),
(1095, 'Burl Ives', 'male'),
(1096, 'Susan Hayward', 'female'),
(1097, 'Wendy Hiller', 'female'),
(1098, 'Charlton Heston', 'male'),
(1099, 'Hugh Griffith', 'male'),
(1100, 'Simone Signoret', 'female'),
(1101, 'Shelley Winters', 'female'),
(1102, 'Burt Lancaster', 'male'),
(1103, 'Peter Ustinov', 'male'),
(1104, 'Elizabeth Taylor', 'female'),
(1105, 'Shirley Jones', 'female'),
(1106, 'Maximilian Schell', 'male'),
(1107, 'George Chakiris', 'male'),
(1108, 'Sophia Loren', 'female'),
(1109, 'Rita Moreno', 'female'),
(1110, 'Gregory Peck', 'male'),
(1111, 'Ed Begley', 'male'),
(1112, 'Anne Bancroft', 'female'),
(1113, 'Patty Duke', 'female'),
(1114, 'Sidney Poitier', 'male'),
(1115, 'Melvyn Douglas', 'male'),
(1116, 'Patricia Neal', 'female'),
(1117, 'Margaret Rutherford', 'female'),
(1118, 'Rex Harrison', 'male'),
(1119, 'Julie Andrews', 'female'),
(1120, 'Lila Kedrova', 'female'),
(1121, 'Lee Marvin', 'male'),
(1122, 'Martin Balsam', 'male'),
(1123, 'Julie Christie', 'female'),
(1124, 'Paul Scofield', 'male'),
(1125, 'Walter Matthau', 'male'),
(1126, 'Sandy Dennis', 'female'),
(1127, 'Rod Steiger', 'male'),
(1128, 'George Kennedy', 'male'),
(1129, 'Estelle Parsons', 'female'),
(1130, 'Cliff Robertson', 'male'),
(1131, 'Jack Albertson', 'male'),
(1132, 'Ruth Gordon', 'female'),
(1133, 'John Wayne', 'male'),
(1134, 'Gig Young', 'male'),
(1135, 'Maggie Smith', 'female'),
(1136, 'Goldie Hawn', 'female'),
(1137, 'George C. Scott', 'male'),
(1138, 'John Mills', 'male'),
(1139, 'Glenda Jackson', 'female'),
(1140, 'Gene Hackman', 'male'),
(1141, 'Ben Johnson', 'male'),
(1142, 'Jane Fonda', 'female'),
(1143, 'Cloris Leachman', 'female'),
(1144, 'Joel Grey', 'male'),
(1145, 'Liza Minnelli', 'female'),
(1146, 'Eileen Heckart', 'female'),
(1147, 'John Houseman', 'male'),
(1148, 'Tatum O\'Neal', 'female'),
(1149, 'Art Carney', 'male'),
(1150, 'Robert De Niro', 'male'),
(1151, 'Ellen Burstyn', 'female'),
(1152, 'Jack Nicholson', 'male'),
(1153, 'George Burns', 'male'),
(1154, 'Louise Fletcher', 'female'),
(1155, 'Lee Grant', 'female'),
(1156, 'Peter Finch', 'male'),
(1157, 'Jason Robards', 'male'),
(1158, 'Faye Dunaway', 'female'),
(1159, 'Beatrice Straight', 'female'),
(1160, 'Richard Dreyfuss', 'male'),
(1161, 'Diane Keaton', 'female'),
(1162, 'Vanessa Redgrave', 'female'),
(1163, 'Jon Voight', 'male'),
(1164, 'Christopher Walken', 'male'),
(1165, 'Dustin Hoffman', 'male'),
(1166, 'Sally Field', 'female'),
(1167, 'Meryl Streep', 'female'),
(1168, 'Timothy Hutton', 'male'),
(1169, 'Sissy Spacek', 'female'),
(1170, 'Mary Steenburgen', 'female'),
(1171, 'Henry Fonda', 'male'),
(1172, 'John Gielgud', 'male'),
(1173, 'Maureen Stapleton', 'female'),
(1174, 'Ben Kingsley', 'male'),
(1175, 'Louis Gossett, Jr.', 'male'),
(1176, 'Jessica Lange', 'female'),
(1177, 'Robert Duvall', 'male'),
(1178, 'Shirley MacLaine', 'female'),
(1179, 'Linda Hunt', 'female'),
(1180, 'F. Murray Abraham', 'male'),
(1181, 'Haing S. Ngor', 'male'),
(1182, 'Peggy Ashcroft', 'female'),
(1183, 'William Hurt', 'male'),
(1184, 'Don Ameche', 'male'),
(1185, 'Geraldine Page', 'female'),
(1186, 'Anjelica Huston', 'female'),
(1187, 'Paul Newman', 'male'),
(1188, 'Michael Caine', 'male'),
(1189, 'Marlee Matlin', 'female'),
(1190, 'Dianne Wiest', 'female'),
(1191, 'Michael Douglas', 'male'),
(1192, 'Sean Connery', 'male'),
(1193, 'Cher', 'female'),
(1194, 'Olympia Dukakis', 'female'),
(1195, 'Kevin Kline', 'male'),
(1196, 'Jodie Foster', 'female'),
(1197, 'Geena Davis', 'female'),
(1198, 'Daniel Day Lewis', 'male'),
(1199, 'Denzel Washington', 'male'),
(1200, 'Jessica Tandy', 'female'),
(1201, 'Brenda Fricker', 'female'),
(1202, 'Jeremy Irons', 'male'),
(1203, 'Joe Pesci', 'male'),
(1204, 'Kathy Bates', 'female'),
(1205, 'Whoopi Goldberg', 'female'),
(1206, 'Anthony Hopkins', 'male'),
(1207, 'Jack Palance', 'male'),
(1208, 'Mercedes Ruehl', 'female'),
(1209, 'Al Pacino', 'male'),
(1210, 'Emma Thompson', 'female'),
(1211, 'Marisa Tomei', 'female'),
(1212, 'Tom Hanks', 'male'),
(1213, 'Tommy Lee Jones', 'male'),
(1214, 'Holly Hunter', 'female'),
(1215, 'Anna Paquin', 'female'),
(1216, 'Martin Landau', 'male'),
(1217, 'Nicolas Cage', 'male'),
(1218, 'Kevin Spacey', 'male'),
(1219, 'Susan Sarandon', 'female'),
(1220, 'Mira Sorvino', 'female'),
(1221, 'Geoffrey Rush', 'male'),
(1222, 'Cuba Gooding, Jr.', 'male'),
(1223, 'Frances McDormand', 'female'),
(1224, 'Juliette Binoche', 'female'),
(1225, 'Robin Williams', 'male'),
(1226, 'Helen Hunt', 'female'),
(1227, 'Kim Basinger', 'female'),
(1228, 'Roberto Benigni', 'male'),
(1229, 'James Coburn', 'male'),
(1230, 'Gwyneth Paltrow', 'female'),
(1231, 'Judi Dench', 'female'),
(1232, 'Hilary Swank', 'female'),
(1233, 'Angelina Jolie', 'female'),
(1234, 'Russell Crowe', 'male'),
(1235, 'Benicio Del Toro', 'male'),
(1236, 'Julia Roberts', 'female'),
(1237, 'Marcia Gay Harden', 'female'),
(1238, 'Jim Broadbent', 'male'),
(1239, 'Halle Berry', 'female'),
(1240, 'Jennifer Connelly', 'female'),
(1241, 'Adrien Brody', 'male'),
(1242, 'Chris Cooper', 'male'),
(1243, 'Nicole Kidman', 'female'),
(1244, 'Catherine Zeta-Jones', 'female'),
(1245, 'Sean Penn', 'male'),
(1246, 'Tim Robbins', 'male'),
(1247, 'Charlize Theron', 'female'),
(1248, 'Renée Zellweger', 'female'),
(1249, 'Jamie Foxx', 'male'),
(1250, 'Morgan Freeman', 'male'),
(1251, 'Cate Blanchett', 'female'),
(1252, 'Philip Seymour Hoffman', 'male'),
(1253, 'George Clooney', 'male'),
(1254, 'Reese Witherspoon', 'female'),
(1255, 'Rachel Weisz', 'female'),
(1256, 'Forest Whitaker', 'male'),
(1257, 'Alan Arkin', 'male'),
(1258, 'Helen Mirren', 'female'),
(1259, 'Jennifer Hudson', 'female'),
(1260, 'Daniel Day-Lewis', 'male'),
(1261, 'Javier Bardem', 'male'),
(1262, 'Marion Cotillard', 'female'),
(1263, 'Tilda Swinton', 'female'),
(1264, 'Heath Ledger', 'male'),
(1265, 'Kate Winslet', 'female'),
(1266, 'Penelope Cruz', 'female'),
(1267, 'Jeff Bridges', 'male'),
(1268, 'Christoph Waltz', 'male'),
(1269, 'Sandra Bullock', 'female'),
(1270, 'Mo\'Nique', 'female'),
(1271, 'Colin Firth', 'male'),
(1272, 'Christian Bale', 'male'),
(1273, 'Natalie Portman', 'female'),
(1274, 'Melissa Leo', 'female');

-- --------------------------------------------------------

--
-- Table structure for table `StarsIn`
--

CREATE TABLE `StarsIn` (
  `movieID` int(11) NOT NULL,
  `starID` int(11) NOT NULL,
  `role` char(64) DEFAULT NULL
) ;

--
-- Dumping data for table `StarsIn`
--

INSERT INTO `StarsIn` (`movieID`, `starID`, `role`) VALUES
(0, 1000, 'General Dolgorucki [Grand Duke Sergius Alexander]'),
(1, 1001, 'Diane'),
(2, 1002, 'The Cisco Kid'),
(3, 1003, 'Norma Besant'),
(4, 1004, 'Benjamin Disraeli'),
(5, 1005, 'Jerry'),
(6, 1006, 'Stephen Ashe'),
(7, 1007, 'Min'),
(8, 1008, 'Champ'),
(9, 1009, 'Madelon'),
(10, 1010, 'Henry VIII'),
(11, 1011, 'Eva Lovelace'),
(12, 1012, 'Peter Warne'),
(12, 1013, 'Ellie Andrews'),
(13, 1014, 'Gypo Nolan'),
(14, 1015, 'Joyce Heath'),
(15, 1016, 'Louis Pasteur'),
(16, 1017, 'Swan Bostrom'),
(17, 1018, 'Anna Held'),
(18, 1019, 'Faith Paleologue'),
(19, 1020, 'Manuel'),
(20, 1021, 'Captain Alfred Dreyfus'),
(21, 1018, 'O-Lan'),
(22, 1022, 'Molly O\'Leary'),
(23, 1020, 'Father Flanagan'),
(24, 1017, 'Peter Goodwin'),
(25, 1015, 'Julie Morrison'),
(25, 1023, 'Aunt Belle Massey'),
(26, 1024, 'Mr. Chips'),
(27, 1025, 'Dr. Josiah Boone'),
(28, 1026, 'Scarlett O\'Hara'),
(28, 1027, 'Mammy'),
(29, 1028, 'Mike Connor'),
(30, 1017, 'Judge Roy Bean'),
(31, 1029, 'Kitty Foyle'),
(32, 1030, 'Ma Joad'),
(33, 1031, 'Alvin C. York'),
(34, 1032, 'Mr. Morgan'),
(35, 1033, 'Lina McLaidlaw'),
(36, 1034, 'Sandra Kovak'),
(37, 1035, 'George M. Cohan'),
(38, 1036, 'Jeff Hartnett'),
(39, 1037, 'Kay Miniver'),
(39, 1038, 'Carol Beldon'),
(40, 1039, 'Kurt Muller'),
(41, 1040, 'Benjamin Dingle'),
(42, 1041, 'Bernadette Soubirous'),
(43, 1042, 'Pilar'),
(44, 1043, 'Father O\'Malley'),
(44, 1044, 'Father Fitzgibbon'),
(45, 1045, 'Paula Alquist'),
(46, 1046, 'Ma Mott'),
(47, 1047, 'Don Birnam'),
(48, 1048, 'Johnny Nolan'),
(49, 1049, 'Mildred Pierce'),
(50, 1050, 'Mrs. Brown'),
(51, 1051, 'Al Stephenson'),
(51, 1052, 'Homer Parrish'),
(52, 1053, 'Jody Norris'),
(53, 1054, 'Sophie MacDonald'),
(54, 1055, 'Anthony John'),
(55, 1056, 'Kris Kringle'),
(56, 1057, 'Katrin Holstrom'),
(57, 1058, 'Anne'),
(58, 1059, 'Hamlet'),
(59, 1060, 'Howard'),
(60, 1061, 'Belinda McDonald'),
(61, 1062, 'Gaye'),
(62, 1063, 'Willie Stark'),
(62, 1065, 'Sadie Burke'),
(63, 1064, 'Major Stovall'),
(64, 1053, 'Catherine Sloper'),
(65, 1066, 'Cyrano de Bergerac'),
(66, 1067, 'Addison De Witt'),
(67, 1068, 'Billie Dawn'),
(68, 1069, 'Veta Louise Simmons'),
(69, 1070, 'Charlie Allnut'),
(70, 1026, 'Blanche DuBois'),
(70, 1071, 'Mitch'),
(70, 1072, 'Stella Kowalski'),
(71, 1031, 'Will Kane'),
(72, 1073, 'Eufemio Zapata'),
(73, 1074, 'Lola Delaney'),
(74, 1075, 'Rosemary Bartlow'),
(75, 1076, 'Sefton'),
(76, 1077, 'Angelo Maggio'),
(76, 1079, 'Lorene/Alma'),
(77, 1078, 'Princess Anne'),
(78, 1080, 'Terry Malloy'),
(78, 1083, 'Edie Doyle'),
(79, 1081, 'Oscar Muldoon'),
(80, 1082, 'Georgie Elgin'),
(81, 1084, 'Marty Pilletti'),
(82, 1085, 'Ensign Pulver'),
(83, 1086, 'Serafina Della Rose'),
(84, 1087, 'Kate'),
(85, 1088, 'The King'),
(86, 1073, 'Paul Gauguin'),
(87, 1045, 'The Woman'),
(88, 1089, 'Marylee Hadley'),
(89, 1090, 'Colonel Nicholson'),
(90, 1091, 'Joe Kelly'),
(90, 1093, 'Katsumi'),
(91, 1092, 'Eve White/Eve Black/Jane'),
(92, 1094, 'Major Pollock'),
(92, 1097, 'Pat Cooper'),
(93, 1095, 'Rufus Hannassey'),
(94, 1096, 'Barbara Graham'),
(95, 1098, 'Judah Ben-Hur'),
(95, 1099, 'Sheik Ilderim'),
(96, 1100, 'Alice Aisgill'),
(97, 1101, 'Mrs. Van Daan'),
(98, 1102, 'Elmer Gantry'),
(98, 1105, 'Lulu Bains'),
(99, 1103, 'Batiatus'),
(100, 1104, 'Gloria Wandrous'),
(101, 1106, 'Hans Rolfe'),
(102, 1107, 'Bernardo'),
(102, 1109, 'Anita'),
(103, 1108, 'Cesira'),
(104, 1110, 'Atticus Finch'),
(105, 1111, 'Tom \'Boss\' Finley'),
(106, 1112, 'Annie Sullivan'),
(106, 1113, 'Helen Keller'),
(107, 1114, 'Homer Smith'),
(108, 1115, 'Homer Bannon'),
(108, 1116, 'Alma'),
(109, 1117, 'Duchess of Brighton'),
(110, 1118, 'Professor Henry Higgins'),
(111, 1103, 'Arthur Simpson'),
(112, 1119, 'Mary Poppins'),
(113, 1120, 'Madame Hortense'),
(114, 1121, 'Kid Shelleen/Tim Strawn'),
(115, 1122, 'Arnold Burns'),
(116, 1123, 'Diana Scott'),
(117, 1101, 'Rose-Ann D\'Arcey'),
(118, 1124, 'Sir Thomas More'),
(119, 1125, 'Willie Gingrich'),
(120, 1104, 'Martha'),
(120, 1126, 'Honey'),
(121, 1127, 'Police Chief Bill Gillespie'),
(122, 1128, 'Dragline'),
(123, 1011, 'Christina Drayton'),
(124, 1129, 'Blanche Barrow'),
(125, 1130, 'Charly Gordon'),
(126, 1131, 'John Cleary'),
(127, 1011, 'Queen Eleanor of Aquitaine'),
(128, 1132, 'Minnie Castevet'),
(129, 1133, 'Rooster Cogburn'),
(130, 1134, 'Rocky'),
(131, 1135, 'Miss Jean Brodie'),
(132, 1136, 'Toni Simmons'),
(133, 1137, 'General George S. Patton, Jr.'),
(134, 1138, 'Michael'),
(135, 1139, 'Gudrun Brangwen'),
(136, 1009, 'Ada Quonsett'),
(137, 1140, 'Jimmy \'Popeye\' Doyle'),
(138, 1141, 'Sam the Lion'),
(138, 1143, 'Ruth Popper'),
(139, 1142, 'Bree Daniel'),
(140, 1080, 'Don Vito Corleone'),
(141, 1144, 'The Master of Ceremonies'),
(141, 1145, 'Sally Bowles'),
(142, 1146, 'Mrs. Baker'),
(143, 1085, 'Harry Stoner'),
(144, 1147, 'Professor Kingsfield'),
(145, 1139, 'Vicki Allessio'),
(146, 1148, 'Addie Loggins'),
(147, 1149, 'Harry'),
(148, 1150, 'Vito Corleone'),
(149, 1151, 'Alice Hyatt'),
(150, 1045, 'Greta Ohlsson'),
(151, 1152, 'Randle Patrick McMurphy'),
(151, 1154, 'Nurse Mildred Ratched'),
(152, 1153, 'Al Lewis'),
(153, 1155, 'Felicia Karpf'),
(154, 1156, 'Howard Beale'),
(154, 1158, 'Diana Christensen'),
(154, 1159, 'Louise Schumacher'),
(155, 1157, 'Ben Bradlee'),
(156, 1160, 'Elliot Garfield'),
(157, 1157, 'Dashiell Hammett'),
(157, 1162, 'Julia'),
(158, 1161, 'Annie Hall'),
(159, 1142, 'Sally Hyde'),
(159, 1163, 'Luke Martin'),
(160, 1164, 'Nick'),
(161, 1135, 'Diana Barrie'),
(162, 1165, 'Ted Kramer'),
(162, 1167, 'Joanna Kramer'),
(163, 1115, 'Benjamin Rand'),
(164, 1166, 'Norma Rae'),
(165, 1150, 'Jake LaMotta'),
(166, 1168, 'Conrad Jarrett'),
(167, 1169, 'Loretta Lynn'),
(168, 1170, 'Lynda Dummar'),
(169, 1011, 'Ethel Thayer'),
(169, 1171, 'Norman Thayer, Jr.'),
(170, 1172, 'Hobson'),
(171, 1173, 'Emma Goldman'),
(172, 1174, 'Mahatma Gandhi'),
(173, 1175, 'Sgt. Emil Foley'),
(174, 1167, 'Sophie'),
(175, 1176, 'Julie Nichols'),
(176, 1177, 'Mac Sledge'),
(177, 1152, 'Garrett Breedlove'),
(177, 1178, 'Aurora Greenway'),
(178, 1179, 'Billy Kwan'),
(179, 1180, 'Antonio Salieri'),
(180, 1181, 'Dith Pran'),
(181, 1166, 'Edna Spalding'),
(182, 1182, 'Mrs. Moore'),
(183, 1183, 'Luis Molina'),
(184, 1184, 'Art Selwyn'),
(185, 1185, 'Mrs. Watts'),
(186, 1186, 'Maerose Prizzi'),
(187, 1187, 'Eddie Felson'),
(188, 1188, 'Elliot'),
(188, 1190, 'Holly'),
(189, 1189, 'Sarah'),
(190, 1191, 'Gordon Gekko'),
(191, 1192, 'Jim Malone'),
(192, 1193, 'Loretta Castorini'),
(192, 1194, 'Rose Castorini'),
(193, 1165, 'Raymond Babbitt'),
(194, 1195, 'Otto'),
(195, 1196, 'Sarah Tobias'),
(196, 1197, 'Muriel'),
(197, 1198, 'Christy Brown'),
(197, 1201, 'Mrs. Brown'),
(198, 1199, 'Trip'),
(199, 1200, 'Daisy Werthan'),
(200, 1202, 'Claus Von Bulow'),
(201, 1203, 'Tommy DeVito'),
(202, 1204, 'Annie Wilkes'),
(203, 1205, 'Oda Mae Brown'),
(204, 1196, 'Clarice Starling'),
(204, 1206, 'Dr. Hannibal Lecter'),
(205, 1207, 'Curly'),
(206, 1208, 'Anne'),
(207, 1209, 'Lt. Col. Frank Slade'),
(208, 1140, 'Little Bill Daggett'),
(209, 1210, 'Margaret Schlegel'),
(210, 1211, 'Mona Lisa Vito'),
(211, 1212, 'Andrew Beckett'),
(212, 1213, 'Samuel Gerard'),
(213, 1214, 'Ada'),
(213, 1215, 'Flora'),
(214, 1212, 'Forrest Gump'),
(215, 1216, 'Bela Lugosi'),
(216, 1176, 'Carly Marshall'),
(217, 1190, 'Helen Sinclair'),
(218, 1217, 'Ben Sanderson'),
(219, 1218, 'Roger \'Verbal\' Kint'),
(220, 1219, 'Sister Helen Prejean'),
(221, 1220, 'Linda'),
(222, 1221, 'David Helfgott'),
(223, 1222, 'Rod Tidwell'),
(224, 1223, 'Marge Gunderson'),
(225, 1224, 'Hana'),
(226, 1152, 'Melvin Udall'),
(226, 1226, 'Carol Connelly'),
(227, 1225, 'Sean McGuire'),
(228, 1227, 'Lynn Bracken'),
(229, 1228, 'Guido'),
(230, 1229, 'Glen Whitehouse'),
(231, 1230, 'Viola De Lesseps'),
(231, 1231, 'Queen Elizabeth I'),
(232, 1218, 'Lester Burnham'),
(233, 1188, 'Dr. Wilbur Larch'),
(234, 1232, 'Brandon Teena/Teena Brandon'),
(235, 1233, 'Lisa Rowe'),
(236, 1234, 'Maximus Decimus Meridius'),
(237, 1235, 'Javier Rodriguez'),
(238, 1236, 'Erin Brockovich'),
(239, 1237, 'Lee Krasner'),
(240, 1199, 'Alonzo'),
(241, 1238, 'John Bayley'),
(242, 1239, 'Leticia Musgrove'),
(243, 1240, 'Alicia Nash'),
(244, 1241, 'Wladyslaw Szpilman'),
(245, 1242, 'John Laroche'),
(246, 1243, 'Virginia Woolf'),
(247, 1244, 'Velma Kelly'),
(248, 1245, 'Jimmy Markum'),
(248, 1246, 'Dave Boyle'),
(249, 1247, 'Aileen Wuornos'),
(250, 1248, 'Ruby Thewes'),
(251, 1249, 'Ray Charles'),
(252, 1232, 'Maggie Fitzgerald'),
(252, 1250, 'Eddie Scrap-Iron Dupris'),
(253, 1251, 'Katharine Hepburn'),
(254, 1252, 'Truman Capote'),
(255, 1253, 'Bob Barnes'),
(256, 1254, 'June Carter'),
(257, 1255, 'Tessa Quayle'),
(258, 1256, 'Idi Amin'),
(259, 1257, 'Grandpa'),
(260, 1258, 'The Queen'),
(261, 1259, 'Effie White'),
(262, 1260, 'Daniel Plainview'),
(263, 1261, 'Anton Chigurh'),
(264, 1262, 'Edith Piaf'),
(265, 1263, 'Karen Crowder'),
(266, 1245, 'Harvey Milk'),
(267, 1264, 'Joker'),
(268, 1265, 'Hanna Schmitz'),
(269, 1266, 'Maria Elena'),
(270, 1267, 'Bad Blake'),
(271, 1268, 'Col. Hans Landa'),
(272, 1269, 'Leigh Anne Tuohy'),
(273, 1270, 'Mary'),
(274, 1271, 'King George VI'),
(275, 1272, 'Dicky Eklund'),
(275, 1274, 'Alice Ward'),
(276, 1273, 'Nina Sayers/The Swan Queen');

--
-- Indexes for dumped tables
--

--
-- Indexes for table `Department`
--
ALTER TABLE `Department`
  ADD PRIMARY KEY (`dNumber`),
  ADD KEY `mgrSSN` (`mgrSSN`);

--
-- Indexes for table `Employee`
--
ALTER TABLE `Employee`
  ADD PRIMARY KEY (`ssn`),
  ADD KEY `mgrSSN` (`mgrSSN`),
  ADD KEY `dNum` (`dNum`);

--
-- Indexes for table `Movie`
--
ALTER TABLE `Movie`
  ADD PRIMARY KEY (`movieID`);

--
-- Indexes for table `MovieStar`
--
ALTER TABLE `MovieStar`
  ADD PRIMARY KEY (`starID`);

--
-- Indexes for table `StarsIn`
--
ALTER TABLE `StarsIn`
  ADD PRIMARY KEY (`movieID`,`starID`),
  ADD KEY `starID` (`starID`);

--
-- Constraints for dumped tables
--

--
-- Constraints for table `Department`
--
ALTER TABLE `Department`
  ADD CONSTRAINT `Department_ibfk_1` FOREIGN KEY (`mgrSSN`) REFERENCES `Employee` (`ssn`);

--
-- Constraints for table `Employee`
--
ALTER TABLE `Employee`
  ADD CONSTRAINT `Employee_ibfk_1` FOREIGN KEY (`mgrSSN`) REFERENCES `Employee` (`ssn`),
  ADD CONSTRAINT `Employee_ibfk_2` FOREIGN KEY (`dNum`) REFERENCES `Department` (`dNumber`);

--
-- Constraints for table `StarsIn`
--
ALTER TABLE `StarsIn`
  ADD CONSTRAINT `StarsIn_ibfk_1` FOREIGN KEY (`movieID`) REFERENCES `Movie` (`movieID`),
  ADD CONSTRAINT `StarsIn_ibfk_2` FOREIGN KEY (`starID`) REFERENCES `MovieStar` (`starID`);
COMMIT;

/*!40101 SET CHARACTER_SET_CLIENT=@OLD_CHARACTER_SET_CLIENT */;
/*!40101 SET CHARACTER_SET_RESULTS=@OLD_CHARACTER_SET_RESULTS */;
/*!40101 SET COLLATION_CONNECTION=@OLD_COLLATION_CONNECTION */;
